aarons → aaron's
abbotts → abbott's
abcs → abc's
academys → academy's
afghanistans → afghanistan's
africas → africa's
agencys → agency's
aircrafts → aircraft's
alabamas → alabama's
alaskas → alaska's
albertas → alberta's
alexanders → alexander's
alexs → alex's
alices → alice's
alis → ali's
allahs → allah's
allens → allen's
alzheimers → alzheimer's
amys → amy's
andersons → anderson's
andys → andy's
annas → anna's
annes → anne's
annies → annie's
anns → ann's
anothers → another's
anthonys → anthony's
anybodys → anybody's
anyones → anyone's
aprils → april's
arabias → arabia's
arbys → arby's
argentinas → argentina's
arizonas → arizona's
armstrongs → armstrong's
armys → army's
arnolds → arnold's
arthurs → arthur's
ashleys → ashley's
asias → asia's
aspergers → asperger's
assads → assad's
assemblys → assembly's
atlantas → atlanta's
austins → austin's
australias → australia's
austrias → austria's
authoritys → authority's
babys → baby's
bachs → bach's
baileys → bailey's
barcelonas → barcelona's
barrys → barry's
baseballs → baseball's
batmans → batman's
bbcs → bbc's
beethovens → beethoven's
belgiums → belgium's
bennetts → bennett's
bens → ben's
berlins → berlin's
bernies → bernie's
beyonces → beyonce's
bidens → biden's
biebers → bieber's
billys → billy's
blairs → blair's
blakes → blake's
bobbys → bobby's
bodys → body's
bosss → boss's
bostons → boston's
bowies → bowie's
bradys → brady's
brazils → brazil's
brians → brian's
britains → britain's
bruces → bruce's
buddys → buddy's
bulgarias → bulgaria's
burtons → burton's
bushs → bush's
butlers → butler's
californias → california's
cambodias → cambodia's
camerons → cameron's
campbells → campbell's
canadas → canada's
careys → carey's
carls → carl's
carrs → carr's
carsons → carson's
caseys → casey's
castros → castro's
catherines → catherine's
centurys → century's
chairmans → chairman's
chans → chan's
charitys → charity's
charlies → charlie's
charlottes → charlotte's
chelseas → chelsea's
chens → chen's
chicagos → chicago's
chinas → china's
chloes → chloe's
chriss → chris's
christies → christie's
christs → christ's
churchills → churchill's
churchs → church's
cias → cia's
citys → city's
claires → claire's
clarkes → clarke's
clevelands → cleveland's
cnns → cnn's
coachs → coach's
cohens → cohen's
colombias → colombia's
colorados → colorado's
columbias → columbia's
communitys → community's
companys → company's
couldve → could've
countrys → country's
countys → county's
craigs → craig's
crohns → crohn's
cruzs → cruz's
cubas → cuba's
daddys → daddy's
dannys → danny's
dantes → dante's
darwins → darwin's
daves → dave's
daviss → davis's
dawsons → dawson's
denmarks → denmark's
dennys → denny's
denvers → denver's
destinys → destiny's
detroits → detroit's
dianas → diana's
diegos → diego's
disneys → disney's
donalds → donald's
donts → don'ts
doyles → doyle's
drakes → drake's
dsouza → d'souza
duncans → duncan's
dylans → dylan's
eddies → eddie's
edinburghs → edinburgh's
egypts → egypt's
einsteins → einstein's
elizabeths → elizabeth's
emilys → emily's
emmas → emma's
enemys → enemy's
englands → england's
erics → eric's
espns → espn's
etoo → eto'o
europes → europe's
eus → eu's
everybodys → everybody's
everythings → everything's
eves → eve's
exs → ex's
facebooks → facebook's
facilitys → facility's
familys → family's
fbis → fbi's
finlands → finland's
fishermans → fisherman's
floridas → florida's
floyds → floyd's
flynns → flynn's
foxs → fox's
franciscos → francisco's
francos → franco's
franklins → franklin's
freddys → freddy's
freds → fred's
gabriels → gabriel's
gagas → gaga's
gandhis → gandhi's
garys → gary's
gentlemans → gentleman's
gentlemens → gentlemen's
georgias → georgia's
germanys → germany's
ghanas → ghana's
gibsons → gibson's
googles → google's
gops → gop's
gordons → gordon's
grahams → graham's
grandpas → grandpa's
greeces → greece's
griffins → griffin's
hadnt → hadn't
haitis → haiti's
hamiltons → hamilton's
hannahs → hannah's
harpers → harper's
harrisons → harrison's
harriss → harris's
harrys → harry's
harts → hart's
harvards → harvard's
harveys → harvey's
hawaiis → hawaii's
hbos → hbo's
hendersons → henderson's
henrys → henry's
hillarys → hillary's
historys → history's
hitlers → hitler's
hollands → holland's
hollywoods → hollywood's
hondas → honda's
houstons → houston's
howards → howard's
howd → how'd
hudsons → hudson's
humanitys → humanity's
hungarys → hungary's
husseins → hussein's
ians → ian's
ibms → ibm's
icelands → iceland's
indianas → indiana's
indias → india's
indonesias → indonesia's
industrys → industry's
intels → intel's
internets → internet's
irans → iran's
iraqs → iraq's
irelands → ireland's
islams → islam's
israels → israel's
italys → italy's
jacksons → jackson's
jakes → jake's
jamess → james's
jamies → jamie's
janes → jane's
japans → japan's
jasons → jason's
jeffs → jeff's
jehovahs → jehovah's
jerrys → jerry's
jessicas → jessica's
jesuss → jesus's
jimmys → jimmy's
jims → jim's
jins → jin's
johnnys → johnny's
jojos → jojo's
jonathans → jonathan's
joness → jones's
jordans → jordan's
josephs → joseph's
joshs → josh's
julias → julia's
jupiters → jupiter's
jurys → jury's
justins → justin's
kanes → kane's
kanyes → kanye's
kates → kate's
keiths → keith's
kelloggs → kellogg's
kellys → kelly's
kentuckys → kentucky's
kenyas → kenya's
kevins → kevin's
kims → kim's
kongs → kong's
koreas → korea's
kyles → kyle's
ladys → lady's
lankas → lanka's
latters → latter's
lauras → laura's
lawrences → lawrence's
lebanons → lebanon's
lebrons → lebron's
lefts → left's
lenins → lenin's
lennons → lennon's
leonards → leonard's
leos → leo's
lewiss → lewis's
librarys → library's
libyas → libya's
lilys → lily's
lincolns → lincoln's
lisas → lisa's
liverpools → liverpool's
logans → logan's
londons → london's
lucys → lucy's
lukes → luke's
lynchs → lynch's
macdonalds → macdonald's
macys → macy's
madonnas → madonna's
madrids → madrid's
maggies → maggie's
majestys → majesty's
malaysias → malaysia's
managements → management's
manhattans → manhattan's
mankinds → mankind's
mannings → manning's
maos → mao's
margarets → margaret's
marias → maria's
maries → marie's
marthas → martha's
marxs → marx's
marylands → maryland's
matts → matt's
maxs → max's
mccains → mccain's
mccarthys → mccarthy's
melbournes → melbourne's
messis → messi's
mexicos → mexico's
miamis → miami's
michelles → michelle's
michigans → michigan's
mickeys → mickey's
microsofts → microsoft's
mightve → might've
militarys → military's
ministrys → ministry's
minnesotas → minnesota's
mitchells → mitchell's
modis → modi's
mommys → mommy's
monicas → monica's
montreals → montreal's
moodys → moody's
morgans → morgan's
morrisons → morrison's
moscows → moscow's
mourinhos → mourinho's
mozarts → mozart's
mtvs → mtv's
murphys → murphy's
murrays → murray's
mustnt → mustn't
mustve → must've
nancys → nancy's
napoleons → napoleon's
nasas → nasa's
nashs → nash's
nathans → nathan's
natl → nat'l
natos → nato's
navys → navy's
nbas → nba's
nbcs → nbc's
neds → ned's
neednt → needn't
nelsons → nelson's
netflixs → netflix's
newmans → newman's
newtons → newton's
nfls → nfl's
nhls → nhl's
nigerias → nigeria's
nintendos → nintendo's
nixons → nixon's
noahs → noah's
nobodys → nobody's
nolans → nolan's
norths → north's
norways → norway's
nows → now's
obrien → o'brien
obriens → o'brien's
ocallaghan → o'callaghan
oclock → o'clock
oconnell → o'connell
oconnor → o'connor
odonnell → o'donnell
ogrady → o'grady
ohios → ohio's
okeefe → o'keefe
oleary → o'leary
olivers → oliver's
omalley → o'malley
oneal → o'neal
oneil → o'neil
oneill → o'neill
ontarios → ontario's
oregons → oregon's
oreilly → o'reilly
orourke → o'rourke
oshea → o'shea
osullivan → o'sullivan
otoole → o'toole
ottawas → ottawa's
pakistans → pakistan's
palmers → palmer's
pandoras → pandora's
parkers → parker's
parkinsons → parkinson's
partys → party's
patricks → patrick's
perrys → perry's
petersons → peterson's
petes → pete's
phils → phil's
platos → plato's
poes → poe's
polands → poland's
portugals → portugal's
powells → powell's
putins → putin's
quebecs → quebec's
queenslands → queensland's
quinns → quinn's
rachels → rachel's
reagans → reagan's
reids → reid's
reys → rey's
ricos → rico's
rihannas → rihanna's
rileys → riley's
robinsons → robinson's
rocknroll → rock'n'roll
romanias → romania's
romes → rome's
romneys → romney's
ronaldos → ronaldo's
rosss → ross's
roys → roy's
rubiks → rubik's
russells → russell's
russias → russia's
ryans → ryan's
sainsburys → sainsbury's
sallys → sally's
samsungs → samsung's
santas → santa's
sarahs → sarah's
satans → satan's
saturns → saturn's
scotlands → scotland's
seans → sean's
seattles → seattle's
secretarys → secretary's
senates → senate's
shakespeares → shakespeare's
shaws → shaw's
sheeps → sheep's
shouldve → should've
singapores → singapore's
singhs → singh's
skys → sky's
societys → society's
somebodys → somebody's
sonys → sony's
sophies → sophie's
sothebys → sotheby's
spains → spain's
spencers → spencer's
stalins → stalin's
stanleys → stanley's
steves → steve's
stewarts → stewart's
storys → story's
sullivans → sullivan's
supermans → superman's
swedens → sweden's
switzerlands → switzerland's
sydneys → sydney's
syrias → syria's
taiwans → taiwan's
teds → ted's
territorys → territory's
terrys → terry's
teslas → tesla's
thailands → thailand's
thatd → that'd
thatll → that'll
thered → there'd
therell → there'll
therere → there're
theyd → they'd
theyll → they'll
theyve → they've
thisll → this'll
thomass → thomas's
thompsons → thompson's
thors → thor's
tiffanys → tiffany's
tims → tim's
todds → todd's
tommys → tommy's
tomorrows → tomorrow's
tonights → tonight's
tonys → tony's
torontos → toronto's
toyotas → toyota's
trudeaus → trudeau's
turners → turner's
twitters → twitter's
tylers → tyler's
ubers → uber's
ugandas → uganda's
ukraines → ukraine's
uks → uk's
uniteds → united's
universitys → university's
usas → usa's
utahs → utah's
vancouvers → vancouver's
venezuelas → venezuela's
victorias → victoria's
vietnams → vietnam's
vincents → vincent's
virginias → virginia's
wades → wade's
wagners → wagner's
wallaces → wallace's
warrens → warren's
washingtons → washington's
watsons → watson's
waynes → wayne's
wendys → wendy's
weve → we've
whatd → what'd
whatevers → whatever's
whatre → what're
whens → when's
whered → where'd
whod → who'd
whoevers → whoever's
wholl → who'll
whove → who've
whyd → why'd
whys → why's
wifes → wife's
wilsons → wilson's
wisconsins → wisconsin's
witchs → witch's
wolfs → wolf's
womans → woman's
wrights → wright's
wwes → wwe's
yangs → yang's
yemens → yemen's
yesterdays → yesterday's
yknow → y'know
yorks → york's
youtubes → youtube's
zealands → zealand's
zs → z's
